Augmentation (%),EEGNet Accuracy
0.0,0.8263888888888888
7.000000000000001,0.8454861111111112
10.0,0.8472222222222222
21.0,0.8559027777777778
53.0,0.859375
71.0,0.8263888888888888
100.0,0.8402777777777778
200.0,0.8454861111111112
