Augmentation (%),EEGNet Accuracy
0.0,0.859375
5.0,0.8159722222222222
10.0,0.8506944444444444
20.0,0.8715277777777778
51.0,0.8315972222222222
70.0,0.84375
100.0,0.8559027777777778
200.0,0.8732638888888888
