Augmentation (%),EEGNet Accuracy
0.0,0.8975694444444444
5.0,0.9166666666666666
10.0,0.9010416666666666
20.0,0.8993055555555556
51.0,0.9184027777777778
70.0,0.8940972222222222
100.0,0.8975694444444444
200.0,0.8802083333333334
