Augmentation (%),EEGNet Accuracy
0.0,0.8923611111111112
7.000000000000001,0.9184027777777778
10.0,0.8888888888888888
21.0,0.9131944444444444
53.0,0.8958333333333334
71.0,0.8940972222222222
100.0,0.9045138888888888
200.0,0.9010416666666666
