Augmentation (%),EEGNet Accuracy
0.0,0.8541666666666666
7.000000000000001,0.8506944444444444
10.0,0.8524305555555556
21.0,0.8802083333333334
53.0,0.8802083333333334
71.0,0.8836805555555556
100.0,0.8472222222222222
200.0,0.8663194444444444
