Augmentation (%),EEGNet Accuracy
0.0,0.8784722222222222
5.0,0.8229166666666666
10.0,0.8420138888888888
20.0,0.8767361111111112
51.0,0.8628472222222222
70.0,0.859375
100.0,0.8663194444444444
200.0,0.8645833333333334
