Augmentation (%),EEGNet Accuracy
0.0,0.8958333333333334
5.0,0.8802083333333334
10.0,0.9027777777777778
20.0,0.8819444444444444
51.0,0.8524305555555556
70.0,0.921875
100.0,0.9045138888888888
200.0,0.8958333333333334
