Augmentation (%),EEGNet Accuracy
0.0,0.8159722222222222
7.000000000000001,0.8836805555555556
10.0,0.9288194444444444
21.0,0.9270833333333334
53.0,0.8246527777777778
71.0,0.8888888888888888
100.0,0.8732638888888888
200.0,0.8871527777777778
