,Fz,FC3,FC1,FCz,FC2,FC4,C5,C3,C1,Cz,C2,C4,C6,CP3,CP1,CPz,CP2,CP4,P1,Pz,P2,POz
feet,0.0856662485736221,0.6627004415127814,0.8444679508484924,0.7397046419769321,0.8123590616691171,0.6568293902503907,0.8811682045549837,0.878876588584482,0.6379348645761972,0.8283170216880122,0.8097061665957405,0.6708286506301234,0.958338791115007,0.9150100280136946,0.7402983631953591,0.8746398023638663,0.8039682017858205,0.6364567586848816,0.9179042898498276,0.9097659811545133,0.6224901915789972,0.1035409595613576
left_hand,0.4246699985897002,0.642923108630297,0.7132380524330452,0.8020625649302602,0.6925534527525835,0.606804448762495,0.9621367898397587,0.9216809770875916,0.6367446126600518,0.9108160998426051,0.6998117211289724,0.8326339912492353,0.9186302878680053,0.9385723680445063,0.8385870717501046,0.9139461305223309,0.7025117676267278,0.8611884183591346,0.9711598901473447,0.8154087497327482,0.7113697676610116,0.18115033308377634
right_hand,0.5443120602399553,0.34040881177693333,0.7838229958933417,0.8180098697421664,0.6474636282075175,0.6754182145668127,0.9249411881071588,0.936400809095049,0.7688755094869566,0.9515218153876698,0.774708227339337,0.719393879260508,0.8925566648711911,0.896335567041283,0.6880296721034175,0.9078738551682479,0.6861746972890023,0.661467932165729,0.9419330810389634,0.7371691850326622,0.8975689480612876,0.14619448211525543
tongue,0.2091608911757357,0.7518199251984022,0.6533601924306147,0.5553572415972061,0.5952296237845203,0.5572295402084334,0.9311076249683913,0.8492824396942017,0.7155319826930552,0.8713448995559302,0.8773583110287259,0.7143379857510651,0.9793477079581339,0.9051376517231219,0.6831915507705939,0.9378611353093544,0.873343384350835,0.7771733500464169,0.8787374496453423,0.8035824201754455,0.6652038970930475,0.5506026172966251
