DataSet,psnr,ssim
Set5,28.814580306928036,0.8337130188941956
Set14,25.572019916435597,0.7314742654561996
BSD100,25.682430923614625,0.6972031116485595
Urban100,23.550099188869872,0.7210938137769699
SunHays80,No data,No data
